{
	"IcoMoonType": "selection",
	"icons": [
		{
			"icon": {
				"paths": [
					"M669.143 172l-303.429 303.429 303.429 303.429q10.857 10.857 10.857 25.714t-10.857 25.714l-94.857 94.857q-10.857 10.857-25.714 10.857t-25.714-10.857l-424-424q-10.857-10.857-10.857-25.714t10.857-25.714l424-424q10.857-10.857 25.714-10.857t25.714 10.857l94.857 94.857q10.857 10.857 10.857 25.714t-10.857 25.714z"
				],
				"width": 768.0010223388672,
				"attrs": [],
				"isMulticolor": false,
				"tags": [
					"chevron-left"
				],
				"defaultCode": 61523,
				"grid": 14
			},
			"attrs": [],
			"properties": {
				"id": 78,
				"order": 1,
				"name": "chevron-left",
				"prevSize": 28,
				"code": 61523
			},
			"setIdx": 0,
			"setId": 29,
			"iconIdx": 78
		},
		{
			"icon": {
				"paths": [
					"M632.571 501.143l-424 424q-10.857 10.857-25.714 10.857t-25.714-10.857l-94.857-94.857q-10.857-10.857-10.857-25.714t10.857-25.714l303.429-303.429-303.429-303.429q-10.857-10.857-10.857-25.714t10.857-25.714l94.857-94.857q10.857-10.857 25.714-10.857t25.714 10.857l424 424q10.857 10.857 10.857 25.714t-10.857 25.714z"
				],
				"width": 694.8569641113281,
				"attrs": [],
				"isMulticolor": false,
				"tags": [
					"chevron-right"
				],
				"defaultCode": 61524,
				"grid": 14
			},
			"attrs": [],
			"properties": {
				"id": 79,
				"order": 2,
				"name": "chevron-right",
				"prevSize": 28,
				"code": 61524
			},
			"setIdx": 0,
			"setId": 29,
			"iconIdx": 79
		},
		{
			"icon": {
				"paths": [
					"M731.429 402.286q0-14.857-10.857-25.714t-25.714-10.857q-98.286 0-181.714 28.286t-148.286 76.571-134.571 125.429q-10.857 12-10.857 25.714 0 14.857 10.857 25.714t25.714 10.857q13.714 0 25.714-10.857 15.429-13.714 42.286-40.571t38.286-37.714q78.286-70.857 153.429-100.571t179.143-29.714q14.857 0 25.714-10.857t10.857-25.714zM1024 289.143q0 54.286-11.429 110.286-26.286 128-105.429 218.857t-204.286 153.143q-122.286 61.714-250.286 61.714-84.571 0-163.429-26.857-8.571-2.857-50.286-24t-54.857-21.143q-9.143 0-22.571 18.286t-25.714 40-30 40-34.286 18.286q-17.143 0-29.143-6.286t-17.714-13.714-15.429-24q-1.143-2.286-3.429-6.286t-3.143-5.714-1.714-5.429-0.857-7.714q0-20 17.714-42t38.857-37.429 38.857-32 17.714-27.429q0-2.286-8-21.714t-9.143-25.143q-5.143-29.143-5.143-59.429 0-65.714 24.857-125.714t68-105.429 97.429-79.429 116.571-54.571q31.429-10.286 82.857-14.571t102.571-5.143 102-3.429 93.429-13.714 64.857-32.286l16.857-16.857t16.857-16 15.429-11.429 20.857-9.143 24.857-2.571q22.286 0 40.286 26.286t27.143 64 13.714 70.857 4.571 54.857z"
				],
				"width": 1023.9979602098465,
				"attrs": [],
				"isMulticolor": false,
				"tags": [
					"leaf"
				],
				"defaultCode": 61548,
				"grid": 14
			},
			"attrs": [],
			"properties": {
				"id": 102,
				"order": 7,
				"name": "leaf",
				"prevSize": 28,
				"code": 61548
			},
			"setIdx": 0,
			"setId": 29,
			"iconIdx": 102
		},
		{
			"icon": {
				"paths": [
					"M73.143 950.857h164.571v-164.571h-164.571v164.571zM274.286 950.857h182.857v-164.571h-182.857v164.571zM73.143 749.714h164.571v-182.857h-164.571v182.857zM274.286 749.714h182.857v-182.857h-182.857v182.857zM73.143 530.286h164.571v-164.571h-164.571v164.571zM493.714 950.857h182.857v-164.571h-182.857v164.571zM274.286 530.286h182.857v-164.571h-182.857v164.571zM713.143 950.857h164.571v-164.571h-164.571v164.571zM493.714 749.714h182.857v-182.857h-182.857v182.857zM292.571 256v-164.571q0-7.429-5.429-12.857t-12.857-5.429h-36.571q-7.429 0-12.857 5.429t-5.429 12.857v164.571q0 7.429 5.429 12.857t12.857 5.429h36.571q7.429 0 12.857-5.429t5.429-12.857zM713.143 749.714h164.571v-182.857h-164.571v182.857zM493.714 530.286h182.857v-164.571h-182.857v164.571zM713.143 530.286h164.571v-164.571h-164.571v164.571zM731.429 256v-164.571q0-7.429-5.429-12.857t-12.857-5.429h-36.571q-7.429 0-12.857 5.429t-5.429 12.857v164.571q0 7.429 5.429 12.857t12.857 5.429h36.571q7.429 0 12.857-5.429t5.429-12.857zM950.857 219.429v731.429q0 29.714-21.714 51.429t-51.429 21.714h-804.571q-29.714 0-51.429-21.714t-21.714-51.429v-731.429q0-29.714 21.714-51.429t51.429-21.714h73.143v-54.857q0-37.714 26.857-64.571t64.571-26.857h36.571q37.714 0 64.571 26.857t26.857 64.571v54.857h219.429v-54.857q0-37.714 26.857-64.571t64.571-26.857h36.571q37.714 0 64.571 26.857t26.857 64.571v54.857h73.143q29.714 0 51.429 21.714t21.714 51.429z"
				],
				"width": 950.8564020792255,
				"attrs": [],
				"isMulticolor": false,
				"tags": [
					"calendar"
				],
				"defaultCode": 61555,
				"grid": 14
			},
			"attrs": [],
			"properties": {
				"id": 108,
				"order": 3,
				"name": "calendar",
				"prevSize": 28,
				"code": 61555
			},
			"setIdx": 0,
			"setId": 29,
			"iconIdx": 108
		},
		{
			"icon": {
				"paths": [
					"M585.143 402.286q0 14.857-10.857 25.714l-256 256q-10.857 10.857-25.714 10.857t-25.714-10.857l-256-256q-10.857-10.857-10.857-25.714t10.857-25.714 25.714-10.857h512q14.857 0 25.714 10.857t10.857 25.714z"
				],
				"width": 585.1440315246582,
				"attrs": [],
				"isMulticolor": false,
				"tags": [
					"caret-down"
				],
				"defaultCode": 61655,
				"grid": 14
			},
			"attrs": [],
			"properties": {
				"id": 190,
				"order": 11,
				"name": "caret-down",
				"prevSize": 28,
				"code": 61655
			},
			"setIdx": 0,
			"setId": 29,
			"iconIdx": 190
		},
		{
			"icon": {
				"paths": [
					"M1024 405.714v453.714q0 37.714-26.857 64.571t-64.571 26.857h-841.143q-37.714 0-64.571-26.857t-26.857-64.571v-453.714q25.143 28 57.714 49.714 206.857 140.571 284 197.143 32.571 24 52.857 37.429t54 27.429 62.857 14h1.143q29.143 0 62.857-14t54-27.429 52.857-37.429q97.143-70.286 284.571-197.143 32.571-22.286 57.143-49.714zM1024 237.714q0 45.143-28 86.286t-69.714 70.286q-214.857 149.143-267.429 185.714-5.714 4-24.286 17.429t-30.857 21.714-29.714 18.571-32.857 15.429-28.571 5.143h-1.143q-13.143 0-28.571-5.143t-32.857-15.429-29.714-18.571-30.857-21.714-24.286-17.429q-52-36.571-149.714-104.286t-117.143-81.429q-35.429-24-66.857-66t-31.429-78q0-44.571 23.714-74.286t67.714-29.714h841.143q37.143 0 64.286 26.857t27.143 64.571z"
				],
				"width": 1024.0022773742676,
				"attrs": [],
				"isMulticolor": false,
				"tags": [
					"envelope"
				],
				"defaultCode": 61664,
				"grid": 14
			},
			"attrs": [],
			"properties": {
				"id": 198,
				"order": 4,
				"name": "envelope",
				"prevSize": 28,
				"code": 61664
			},
			"setIdx": 0,
			"setId": 29,
			"iconIdx": 198
		},
		{
			"icon": {
				"paths": [
					"M438.857 201.143q-84.571 0-156 41.714t-113.143 113.143-41.714 156 41.714 156 113.143 113.143 156 41.714 156-41.714 113.143-113.143 41.714-156-41.714-156-113.143-113.143-156-41.714zM877.714 512q0 119.429-58.857 220.286t-159.714 159.714-220.286 58.857-220.286-58.857-159.714-159.714-58.857-220.286 58.857-220.286 159.714-159.714 220.286-58.857 220.286 58.857 159.714 159.714 58.857 220.286z"
				],
				"width": 877.7140070597306,
				"attrs": [],
				"isMulticolor": false,
				"tags": [
					"circle-o"
				],
				"defaultCode": 61708,
				"grid": 14
			},
			"attrs": [],
			"properties": {
				"id": 240,
				"order": 9,
				"name": "circle-o",
				"prevSize": 28,
				"code": 61708
			},
			"setIdx": 0,
			"setId": 29,
			"iconIdx": 240
		},
		{
			"icon": {
				"paths": [
					"M877.714 512q0 119.429-58.857 220.286t-159.714 159.714-220.286 58.857-220.286-58.857-159.714-159.714-58.857-220.286 58.857-220.286 159.714-159.714 220.286-58.857 220.286 58.857 159.714 159.714 58.857 220.286z"
				],
				"width": 877.7140070597306,
				"attrs": [],
				"isMulticolor": false,
				"tags": [
					"circle"
				],
				"defaultCode": 61713,
				"grid": 14
			},
			"attrs": [],
			"properties": {
				"id": 244,
				"order": 10,
				"name": "circle",
				"prevSize": 28,
				"code": 61713
			},
			"setIdx": 0,
			"setId": 29,